CREATE DATABASE quanlygiaovu;
GO
USE quanlygiaovu;
GO
CREATE TABLE KHOA(
	MAKHOA VARCHAR(4),
	TENKHOA VARCHAR(40),
	NGTLAP SMALLDATETIME,
	TRGKHOA CHAR(4),
	CONSTRAINT PK_KHOA PRIMARY KEY (MAKHOA)
);

CREATE TABLE MONHOC(
	MAMH VARCHAR(10),
	TENMH VARCHAR(40),
	TCLT TINYINT,
	TCTH TINYINT,
	MAKHOA VARCHAR(4),
	CONSTRAINT PK_MONHOC PRIMARY KEY (MAMH)
);

CREATE TABLE DIEUKIEN(
	MAMH VARCHAR(10),
	MAMH_TRUOC VARCHAR(10),
	CONSTRAINT PK_DIEUKIEN PRIMARY KEY (MAMH, MAMH_TRUOC),
	CONSTRAINT FK_DIEUKIEN_MAMH FOREIGN KEY (MAMH) REFERENCES MONHOC(MAMH),
	CONSTRAINT FK_DIEUKIEN_MAMH_TRUOC FOREIGN KEY (MAMH_TRUOC) REFERENCES MONHOC(MAMH)
);

CREATE TABLE GIAOVIEN(
	MAGV CHAR(4),
	HOTEN VARCHAR(40),
	HOCVI VARCHAR(10),
	HOCHAM VARCHAR(10),
	GIOITINH VARCHAR(3),
	NGSINH SMALLDATETIME,
	NGVL SMALLDATETIME,
	HESO NUMERIC(4,2),
	MUCLUONG MONEY,
	MAKHOA VARCHAR(4),
	CONSTRAINT PK_GIAOVIEN PRIMARY KEY (MAGV)
);

CREATE TABLE LOP(
	MALOP CHAR(3),
	TENLOP VARCHAR(40),
	TRGLOP CHAR(5),
	SISO TINYINT,
	MAGVCN CHAR(4),
	CONSTRAINT PK_LOP PRIMARY KEY (MALOP)
);

CREATE TABLE HOCVIEN(
	MAHV CHAR(5),
	HO VARCHAR(40),
	TEN VARCHAR(10),
	NGSINH SMALLDATETIME,
	GIOITINH VARCHAR(3),
	NOISINH VARCHAR(40),
	MALOP CHAR(3),
	CONSTRAINT PK_MAHV PRIMARY KEY (MAHV)
);

CREATE TABLE GIANGDAY(
	MALOP CHAR(3),
	MAMH VARCHAR(10),
	MAGV CHAR(4),
	HOCKY TINYINT,
	NAM SMALLINT,
	TUNGAY SMALLDATETIME,
	DENNGAY SMALLDATETIME,
	CONSTRAINT PK_GIANGDAY PRIMARY KEY (MALOP, MAMH),
	CONSTRAINT FK_GIANGDAY_LOP FOREIGN KEY (MALOP) REFERENCES LOP(MALOP),
	CONSTRAINT FK_GIANGDAY_MONHOC FOREIGN KEY (MAMH) REFERENCES MONHOC(MAMH)
);

CREATE TABLE KETQUATHI(
	MAHV CHAR(5),
	MAMH VARCHAR(10),
	LANTHI TINYINT,
	NGTHI SMALLDATETIME,
	DIEM NUMERIC(4,2),
	KQUA VARCHAR(10),
	CONSTRAINT PK_KETQUATHI PRIMARY KEY (MAHV, MAMH, LANTHI),
	CONSTRAINT FK_KQ_HOCVIEN FOREIGN KEY (MAHV) REFERENCES HOCVIEN(MAHV),
	CONSTRAINT FK_KQ_MONHOC FOREIGN KEY (MAMH) REFERENCES MONHOC(MAMH)
);


-- Truyền dữ liệu
INSERT INTO KHOA(MAKHOA, TENKHOA, NGTLAP, TRGKHOA)
VALUES 
	('KHMT', 'Khoa hoc may tinh', '2005-06-07', 'GV01'),
	('HTTT', 'He thong thong tin', '2005-06-07', 'GV02'),
	('CNPM', 'Cong nghe phan mem', '2005-06-07', 'GV04'),
	('MTT', 'Mang va truyen thong', '2005-10-20', 'GV03'),
	('KTMT', 'Ky thuat may tinh', '2005-12-20', '');

INSERT INTO LOP(MALOP, TENLOP, TRGLOP, SISO, MAGVCN)
VALUES
	('K11', 'Lop 1 khoa 1', 'K1108', 11, 'GV07'),
	('K12', 'Lop 2 khoa 1', 'K1205', 12, 'GV09'),
	('K13', 'Lop 3 khoa 1', 'K1305', 12, 'GV14');

INSERT INTO MONHOC(MAMH, TENMH, TCLT, TCTH, MAKHOA)
VALUES
	('THDC', 'Tin hoc dai cuong', 4, 1, 'KHMT'),
	('CTRR', 'Cau truc roi rac', 5, 0, 'KHMT'),
	('CSDL', 'Co so du lieu', 3, 1, 'HTTT'),
	('CTDLGT', 'Cau truc du lieu va giai thuat', 3, 1, 'KHMT'),
	('PTTKTT', 'Phan tich thiet ke thuat toan ', 3, 0, 'KHMT'),
	('DHMT', 'Do hoa may tinh', 3, 1, 'KHMT'),
	('KTMT', 'Kien truc may tinh', 3, 0, 'KTMT'),
	('TKCSDL', 'Thiet ke co so du lieu', 3, 1, 'HTTT'),
	('PTTKHTTT', 'Phan tich thiet ke he thong thong tin', 4, 1, 'HTTT'),
	('HDH', 'He dieu hanh', 4, 0, 'KTMT'),
	('NMCNPM', 'Nhap mon cong nghe phan mem', 3, 0, 'CNPM'),
	('LTCFW', 'Lap trinh C for win', 3, 1, 'CNPM'),
	('LTHDT', 'Lap trinh huong doi tuong ', 3, 1, 'CNPM');

INSERT INTO GIANGDAY(MALOP, MAMH, MAGV, HOCKY, NAM, TUNGAY, DENNGAY)
VALUES
	('K11', 'THDC', 'GV07', 1, 2006, '2006-01-02', '2006-05-12'),
	('K12', 'THDC', 'GV06', 1, 2006, '2006-01-02', '2006-05-12'),
	('K13', 'THDC', 'GV15', 1, 2006, '2006-01-02', '2006-05-12'),
	('K11', 'CTRR', 'GV02', 1, 2006, '2006-01-09', '2006-05-17'),
	('K12', 'CTRR', 'GV02', 1, 2006, '2006-01-09', '2006-05-17'),
	('K13', 'CTRR', 'GV08', 1, 2006, '2006-01-09', '2006-07-15'),
	('K11', 'CSDL', 'GV05', 2, 2006, '2006-06-01', '2006-07-15'),
	('K12', 'CSDL', 'GV09', 2, 2006, '2006-06-01', '2006-07-15'),
	('K13', 'CTDLGT', 'GV15', 2, 2006, '2006-06-01', '2006-05-12'),
	('K13', 'CSDL', 'GV05', 3, 2006, '2006-08-01', '2006-12-15'),
	('K13', 'DHMT', 'GV07', 3, 2006, '2006-08-01', '2006-12-15'),
	('K11', 'CTDLGT', 'GV15', 3, 2006, '2006-08-01', '2006-12-15'),
	('K12', 'CTDLGT', 'GV15', 3, 2006, '2006-08-01', '2006-12-15'),
	('K11', 'HDH', 'GV04', 1, 2007, '2007-01-02', '2007-02-18'),
	('K12', 'HDH', 'GV04', 1, 2007, '2007-01-02', '2007-03-20'),
	('K11', 'DHMT', 'GV07', 1, 2007, '2007-02-18', '2007-03-20');

INSERT INTO GIAOVIEN(MAGV, HOTEN, HOCVI, HOCHAM, GIOITINH, NGSINH, NGVL, HESO, MUCLUONG, MAKHOA)
VALUES
	('GV01', 'Ho Thanh Son', 'PTS', 'GS', 'Nam', '1950-05-02', '2004-01-11', 5.00, 2250000, 'KHMT'),
	('GV02', 'Tran Tam Thanh', 'TS', 'PGS', 'Nam', '1965-12-17', '2004-04-20', 4.50, 2025000, 'HTTT'),
	('GV03', 'Do Nghiem Phung', 'TS', 'GS', 'Nu', '1950-08-01', '2004-09-23', 4.00, 1800000, 'CNPM'),
	('GV04', 'Tran Nam Son', 'TS', 'PGS', 'Nam', '1961-02-22', '2005-01-12', 4.50, 2025000, 'KTMT'),
	('GV05', 'Mai Thanh Danh', 'ThS', 'GV', 'Nam', '1958-03-12', '2005-01-12', 3.00, 1350000, 'HTTT'),
	('GV06', 'Tran Doan Hung', 'TS', 'GV', 'Nam', '1953-03-11', '2005-01-12', 4.50, 2025000, 'KHMT'),
	('GV07', 'Nguyen Minh Tien', 'ThS', 'GV', 'Nam', '1971-11-23', '2005-03-01', 4.00, 1800000, 'KHMT'),
	('GV08', 'Le Thi Tran', 'KS', '', 'Nu', '1974-03-26', '2005-03-01', 1.69, 760500, 'KHMT'),
	('GV09', 'Nguyen To Lan', 'ThS', 'GV', 'Nu', '1966-12-31', '2005-03-01', 4.00, 1800000, 'HTTT'),
	('GV10', 'Le Tran Anh Loan', 'KS', '', 'Nu', '1972-07-17', '2005-03-01', 1.86, 837000, 'CNPM'),
	('GV11', 'Ho Thanh Tung', 'CN', 'GV', 'Nam', '1980-01-12', '2005-05-15', 2.67, 1201500, 'MTT'),
	('GV12', 'Tran Van Anh', 'CN', '', 'Nu', '1981-03-29', '2005-05-15', 1.69, 760500, 'CNPM'),
	('GV13', 'Nguyen Linh Dan', 'CN', '', 'Nu', '1980-05-23', '2005-05-15', 1.69, 760500, 'KTMT'),
	('GV14', 'Truong Minh Chau', 'ThS', 'GV', 'Nu', '1976-11-30', '2004-05-15', 3.00, 1350000, 'MTT'),
	('GV15', 'Le Ha Thanh', 'ThS', 'GV', 'Nam', '1978-05-04', '2005-05-15', 3.00, 1350000, 'KHMT');

INSERT INTO DIEUKIEN(MAMH, MAMH_TRUOC)
VALUES
	('CSDL', 'CTRR'),
	('CSDL', 'CTDLGT'),
	('CTDLGT', 'THDC'),
	('PTTKTT', 'THDC'),
	('PTTKTT', 'CTDLGT'),
	('DHMT', 'THDC'),
	('LTHDT', 'THDC'),
	('PTTKHTTT', 'CSDL');

INSERT INTO HOCVIEN(MAHV, HO, TEN, NGSINH, GIOITINH, NOISINH, MALOP)
VALUES
	('K1101', 'Nguyen Van', 'A', '1986-01-27', 'Nam', 'TpHCM', 'K11'),
	('K1102', 'Tran Ngoc', 'Han', '1986-03-14', 'Nu', 'Kien Giang', 'K11'),
	('K1103', 'Ha Duy', 'Lap', '1986-04-18', 'Nam', 'Nghe An', 'K11'),
	('K1104', 'Tran Ngoc', 'Linh', '1986-03-30', 'Nu', 'Tay Ninh', 'K11'),
	('K1105', 'Tran Minh', 'Long', '1986-02-27', 'Nam', 'TpHCM', 'K11'),
	('K1106', 'Le Nhat', 'Minh', '1986-01-24', 'Nam', 'TpHCM', 'K11'),
	('K1107', 'Nguyen Nhu', 'Nhut', '1986-01-27', 'Nam', 'Ha Noi', 'K11'),
	('K1108', 'Nguyen Manh', 'Tam', '1986-02-27', 'Nam', 'Kien Giang', 'K11'),
	('K1109', 'Phan Thi Thanh', 'Tam', '1986-01-27', 'Nu', 'Vinh Long', 'K11'),
	('K1110', 'Le Hoai', 'Thuong', '1986-02-05', 'Nu', 'Can Tho', 'K11'),
	('K1111', 'Le Ha', 'Vinh', '1986-12-25', 'Nam', 'Vinh Long', 'K11'),
	('K1201', 'Nguyen Van', 'B', '1986-02-11', 'Nam', 'TpHCM', 'K12'),
	('K1202', 'Nguyen Thi Kim', 'Duyen', '1986-01-18', 'Nu', 'TpHCM', 'K12'),
	('K1203', 'Tran Thi Kim', 'Duyen', '1986-09-17', 'Nu', 'TpHCM', 'K12'),
	('K1204', 'Truong My', 'Hanh', '1986-05-19', 'Nu', 'Dong Nai', 'K12'),
	('K1205', 'Nguyen Thanh', 'Nam', '1986-04-17', 'Nam', 'TpHCM', 'K12'),
	('K1206', 'Nguyen Thi Truc', 'Thanh', '1986-03-04', 'Nu', 'Kien Giang', 'K12'),
	('K1207', 'Tran Thi Bich', 'Thuy', '1986-02-08', 'Nu', 'Nghe An', 'K12'),
	('K1208', 'Huynh Thi Kim', 'Trieu', '1986-04-08', 'Nu', 'Tay Ninh', 'K12'),
	('K1209', 'Pham Thanh', 'Trieu', '1986-02-23', 'Nam', 'TpHCM', 'K12'),
	('K1210', 'Ngo Thanh', 'Tuan', '1986-02-14', 'Nam', 'TpHCM', 'K12'),
	('K1211', 'Do Thi', 'Xuan', '1986-03-09', 'Nu', 'Ha Noi', 'K12'),
	('K1212', 'Le Thi Phi', 'Yen', '1986-03-12', 'Nu', 'TpHCM', 'K12'),
	('K1301', 'Nguyen Thi Kim', 'Cuc', '1986-06-09', 'Nu', 'Kien Giang', 'K13'),
	('K1302', 'Truong Thi My', 'Hien', '1986-03-18', 'Nu', 'Nghe An', 'K13'),
	('K1303', 'Le Duc', 'Hien', '1986-03-21', 'Nam', 'Tay Ninh', 'K13'),
	('K1304', 'Le Quang', 'Hien', '1986-04-18', 'Nam', 'TpHCM', 'K13'),
	('K1305', 'Le Thi', 'Huong', '1986-03-27', 'Nu', 'TpHCM', 'K13'),
	('K1306', 'Nguyen Thai', 'Huu', '1986-03-30', 'Nam', 'Ha Noi', 'K13'),
	('K1307', 'Tran Minh', 'Man', '1986-05-28', 'Nam', 'TpHCM', 'K13'),
	('K1308', 'Nguyen Hieu', 'Nghia', '1986-04-08', 'Nam', 'Kien Giang', 'K13'),
	('K1309', 'Nguyen Trung', 'Nghia', '1987-01-18', 'Nam', 'Nghe An', 'K13'),
	('K1310', 'Tran Thi Hong', 'Tham', '1986-04-22', 'Nu', 'Tay Ninh', 'K13'),
	('K1311', 'Tran Minh', 'Thuc', '1986-04-04', 'Nam', 'TpHCM', 'K13'),
	('K1312', 'Nguyen Thi Kim', 'Yen', '1986-09-07', 'Nu', 'TpHCM', 'K13');

INSERT INTO KETQUATHI(MAHV, MAMH, LANTHI, NGTHI, DIEM, KQUA)
VALUES
	('K1101', 'CSDL', 1, '2006-07-20', 10, 'Dat'),
	('K1101', 'CTDLGT', 1, '2006-12-28', 9, 'Dat'),
	('K1101', 'THDC', 1, '2006-05-20', 9, 'Dat'),
	('K1101', 'CTRR', 1, '2006-05-13', 9.5, 'Dat'),
	('K1102', 'CSDL', 1, '2006-07-20', 4, 'Khong Dat'),
	('K1102', 'CSDL', 2, '2006-07-27', 4.25, 'Khong Dat'),
	('K1102', 'CSDL', 3, '2006-08-10', 4.5, 'Khong Dat'),
	('K1102', 'CTDLGT', 1, '2006-12-28', 4.5, 'Khong Dat'),
	('K1102', 'CTDLGT', 2, '2007-01-05', 4, 'Khong Dat'),
	('K1102', 'CTDLGT', 3, '2007-01-15', 6, 'Dat'),
	('K1102', 'THDC', 1, '2006-05-20', 5, 'Dat'),
	('K1102', 'CTRR', 1, '2006-05-13', 7, 'Dat'),
	('K1103', 'CSDL', 1, '2006-07-20', 3.5, 'Khong Dat'),
	('K1103', 'CSDL', 2, '2006-07-27', 8.25, 'Dat'),
	('K1103', 'CTDLGT', 1, '2006-12-28', 7, 'Dat'),
	('K1103', 'THDC', 1, '2006-05-20', 8, 'Dat'),
	('K1103', 'CTRR', 1, '2006-05-13', 6.5, 'Dat'),
	('K1104', 'CSDL', 1, '2006-07-20', 3.75, 'Khong Dat'),
	('K1104', 'CTDLGT', 1, '2006-12-28', 4, 'Khong Dat'),
	('K1104', 'THDC', 1, '2006-05-20', 4, 'Khong Dat'),
	('K1104', 'CTRR', 1, '2006-05-13', 4, 'Khong Dat'),
	('K1104', 'CTRR', 2, '2006-05-20', 3.5, 'Khong Dat'),
	('K1104', 'CTRR', 3, '2006-06-30', 4, 'Khong Dat'),
	('K1201', 'CSDL', 1, '2006-07-20', 6, 'Dat'),
	('K1201', 'CTDLGT', 1, '2006-12-28', 5, 'Dat'),
	('K1201', 'THDC', 1, '2006-05-20', 8.5, 'Dat'),
	('K1201', 'CTRR', 1, '2006-05-13', 9, 'Dat'),
	('K1202', 'CSDL', 1, '2006-07-20', 8, 'Dat'),
	('K1202', 'CTDLGT', 1, '2006-12-28', 4, 'Khong Dat'),
	('K1202', 'CTDLGT', 2, '2007-01-05', 5, 'Dat'),
	('K1202', 'THDC', 1, '2006-05-20', 4, 'Khong Dat'),
	('K1202', 'THDC', 2, '2006-05-27', 4, 'Khong Dat'),
	('K1202', 'CTRR', 1, '2006-05-13', 3, 'Khong Dat'),
	('K1202', 'CTRR', 2, '2006-05-20', 4, 'Khong Dat'),
	('K1202', 'CTRR', 3, '2006-06-30', 6.25, 'Dat'),
	('K1203', 'CSDL', 1, '2006-07-20', 9.25, 'Dat'),
	('K1203', 'CTDLGT', 1, '2006-12-28', 9.5, 'Dat'),
	('K1203', 'THDC', 1, '2006-05-20', 10, 'Dat'),
	('K1203', 'CTRR', 1, '2006-05-13', 10, 'Dat'),
	('K1204', 'CSDL', 1, '2006-07-20', 8.5, 'Dat'),
	('K1204', 'CTDLGT', 1, '2006-12-28', 6.75, 'Dat'),
	('K1204', 'THDC', 1, '2006-05-20', 4, 'Khong Dat'),
	('K1204', 'CTRR', 1, '2006-05-13', 6, 'Dat'),
	('K1301', 'CSDL', 1, '2006-12-20', 4.25, 'Khong Dat'),
	('K1301', 'CTDLGT', 1, '2006-07-25', 8, 'Dat'),
	('K1301', 'THDC', 1, '2006-12-20', 7.75, 'Dat'),
	('K1301', 'CTRR', 1, '2006-12-20', 8, 'Dat'),
	('K1302', 'CSDL', 1, '2006-12-20', 6.75, 'Dat'),
	('K1302', 'CTDLGT', 1, '2006-07-25', 5, 'Dat'),
	('K1302', 'THDC', 1, '2006-05-20', 8, 'Dat'),
	('K1302', 'CTRR', 1, '2006-05-13', 5, 'Dat'),
	('K1303', 'CSDL', 1, '2006-12-20', 4, 'Khong Dat'),
	('K1303', 'CTDLGT', 1, '2006-07-25', 4.5, 'Khong Dat'),
	('K1303', 'CTDLGT', 2, '2006-08-07', 4, 'Khong Dat'),
	('K1303', 'CTDLGT', 3, '2006-08-15', 4.25, 'Khong Dat'),
	('K1303', 'THDC', 1, '2006-05-20', 4.5, 'Khong Dat'),
	('K1303', 'CTRR', 1, '2006-05-13', 3.25, 'Khong Dat'),
	('K1303', 'CTRR', 2, '2006-05-20', 5, 'Dat'),
	('K1304', 'CSDL', 1, '2006-12-20', 7.75, 'Dat'),
	('K1304', 'CTDLGT', 1, '2006-07-25', 9.75, 'Dat'),
	('K1304', 'THDC', 1, '2006-05-20', 5.5, 'Dat'),
	('K1304', 'CTRR', 1, '2006-05-13', 5, 'Dat'),
	('K1305', 'CSDL', 1, '2006-12-20', 9.25, 'Dat'),
	('K1305', 'CTDLGT', 1, '2006-07-25', 10, 'Dat'),
	('K1305', 'THDC', 1, '2006-05-20', 8, 'Dat'),
	('K1305', 'CTRR', 1, '2006-05-13', 10, 'Dat');



-- Câu A
ALTER TABLE HOCVIEN
ADD NAMSINH INT;

ALTER TABLE GIAOVIEN
ADD THAMNIEN INT, PCTHAMNIEN MONEY;

ALTER TABLE HOCVIEN
ADD CONSTRAINT CHK_GIOITINH CHECK (GIOITINH IN ('Nam', 'Nu'));

ALTER TABLE KETQUATHI
ADD CONSTRAINT CHK_DIEM CHECK (DIEM >= 0 AND DIEM <= 10);

ALTER TABLE GIANGDAY
ADD CONSTRAINT CHK_HOCKKY CHECK (HOCKY >= 1 AND HOCKY <= 3);

ALTER TABLE GIAOVIEN
ADD CONSTRAINT CHK_HOCVI CHECK (HOCVI IN ('CN', 'KS', 'ThS', 'TS', 'PTS'));

ALTER TABLE GIANGDAY
ADD CONSTRAINT CHK_THOIGIAN CHECK (TUNGAY < DENNGAY);



-- Câu B
UPDATE HOCVIEN
SET NAMSINH = YEAR(NGSINH);

UPDATE GIAOVIEN
SET THAMNIEN = YEAR(GETDATE()) - YEAR(NGVL);

UPDATE GIAOVIEN
SET PCTHAMNIEN = 
	CASE
		WHEN THAMNIEN > 5 THEN 500000
		WHEN THAMNIEN >= 3 AND THAMNIEN <= 5 THEN 300000
		WHEN THAMNIEN > 1 THEN 100000
		ELSE 0
	END;



-- Câu C
SELECT * FROM KHOA WHERE MONTH(NGTLAP) >= 6 AND YEAR(NGTLAP) = 2005;

SELECT * FROM KHOA WHERE TRGKHOA IS NULL;

SELECT * FROM KHOA WHERE TENKHOA LIKE 'k%h';

SELECT * FROM KHOA WHERE NGTLAP = (SELECT MIN(NGTLAP) FROM KHOA);

SELECT * FROM GIAOVIEN WHERE MUCLUONG = (SELECT MIN(MUCLUONG) FROM GIAOVIEN);

SELECT * FROM GIAOVIEN
WHERE HOCVI = 'TS' AND DATEDIFF(YEAR, NGSINH, GETDATE()) < 50;

SELECT * FROM GIAOVIEN WHERE GIOITINH = 'Nam' AND MUCLUONG > 1800000;

SELECT TOP 1 * FROM GIAOVIEN ORDER BY NGSINH ASC;

SELECT * FROM HOCVIEN
WHERE GIOITINH = 'Nu' AND NOISINH = 'Vinh Long' AND DATEDIFF(YEAR, NGSINH, GETDATE()) > 30;

SELECT TOP 1 * FROM HOCVIEN ORDER BY NGSINH DESC;

SELECT H.MAHV, H.HO + ' ' + H.TEN AS HOTEN, H.NGSINH, L.MALOP
FROM HOCVIEN H
INNER JOIN LOP L ON H.MAHV = L.TRGLOP;

SELECT H.MAHV, H.HO + ' ' + H.TEN AS HOTEN, K.LANTHI, K.DIEM
FROM HOCVIEN H
INNER JOIN KETQUATHI K ON H.MAHV = K.MAHV
INNER JOIN MONHOC M ON K.MAMH = M.MAMH
WHERE M.TENMH = 'CSDL'
ORDER BY H.HO, H.TEN;

SELECT H.MAHV, H.HO + ' ' + H.TEN AS HOTEN, K.DIEM
FROM HOCVIEN H
INNER JOIN (
    SELECT MAHV, DIEM
    FROM (
        SELECT MAHV, DIEM, ROW_NUMBER() OVER (PARTITION BY MAHV ORDER BY NGTHI DESC) AS RowNum
        FROM KETQUATHI K
        INNER JOIN MONHOC M ON K.MAMH = M.MAMH
        WHERE M.TENMH = 'CSDL'
    ) AS T
    WHERE RowNum = 1
) AS K ON H.MAHV = K.MAHV;

SELECT H.MAHV, H.HO + ' ' + H.TEN AS HOTEN, K.DIEM
FROM HOCVIEN H
INNER JOIN (
    SELECT MAHV, MAX(DIEM) AS MaxDiem
    FROM KETQUATHI K
    INNER JOIN MONHOC M ON K.MAMH = M.MAMH
    WHERE M.TENMH = 'Co So Du Lieu'
    GROUP BY MAHV
) AS MaxDiemSubquery ON H.MAHV = MaxDiemSubquery.MAHV
INNER JOIN KETQUATHI K ON H.MAHV = K.MAHV AND K.DIEM = MaxDiemSubquery.MaxDiem
INNER JOIN MONHOC M ON K.MAMH = M.MAMH AND M.TENMH = 'Co So Du Lieu';

SELECT H.MAHV, H.HO +' '+ H.TEN AS HOTEN
FROM HOCVIEN H
INNER JOIN KETQUATHI K ON H.MAHV = K.MAHV
WHERE K.MAMH = 'CTRR' AND K.LANTHI = 1 AND K.KQUA = 'Khong Dat';

SELECT DISTINCT M.TENMH FROM MONHOC M
INNER JOIN GIANGDAY GD ON M.MAMH = GD.MAMH
INNER JOIN GIAOVIEN GV ON GD.MAGV = GV.MAGV
WHERE GV.HOTEN = 'Tran Tam Thanh' AND GD.HOCKY = 1 AND  YEAR(GD.TUNGAY) = 2006;

SELECT DISTINCT M.MAMH, M.TENMH
FROM GIAOVIEN GV
INNER JOIN LOP L ON GV.MAGV = L.MAGVCN
INNER JOIN GIANGDAY GD ON L.MALOP = GD.MALOP
INNER JOIN MONHOC M ON GD.MAMH = M.MAMH
WHERE L.TENLOP = 'K11' AND GD.HOCKY = 1 AND GD.NAM = 2006;

SELECT DISTINCT HV.HO + ' ' + HV.TEN AS HOTEN_LOP_TRUONG
FROM GIAOVIEN GV
JOIN LOP L ON GV.MAGV = L.MAGVCN
JOIN GIANGDAY GD ON L.MALOP = GD.MALOP
JOIN MONHOC MH ON GD.MAMH = MH.MAMH
JOIN HOCVIEN HV ON L.TRGLOP = HV.MAHV
WHERE GV.HOTEN = 'Nguyen To Lan' AND MH.TENMH = 'Co So Du Lieu';

SELECT DISTINCT M.MAMH, M.TENMH
FROM DIEUKIEN D
JOIN MONHOC M ON D.MAMH_TRUOC = M.MAMH
WHERE D.MAMH = (SELECT MAMH FROM MONHOC WHERE TENMH = 'Co So Du Lieu');

SELECT DISTINCT M.MAMH, M.TENMH
FROM DIEUKIEN D
INNER JOIN MONHOC M ON D.MAMH = M.MAMH
WHERE D.MAMH_TRUOC = (SELECT MAMH FROM MONHOC WHERE TENMH = 'Cau Truc Roi Rac');

SELECT DISTINCT GV.HOTEN
FROM GIAOVIEN GV
JOIN GIANGDAY GD ON GV.MAGV = GD.MAGV
JOIN MONHOC MH ON GD.MAMH = MH.MAMH
JOIN LOP L ON GD.MALOP = L.MALOP
WHERE MH.MAMH = 'CTRR'
AND L.TENLOP IN ('K11', 'K12')
AND GD.HOCKY = 1
AND GD.NAM = 2006;

SELECT L.MALOP, L.TENLOP, COUNT(H.MAHV) AS SoLuongHocVien
FROM LOP L
LEFT JOIN HOCVIEN H ON L.MALOP = H.MALOP
GROUP BY L.MALOP, L.TENLOP
ORDER BY SoLuongHocVien DESC;

SELECT MAKHOA, COUNT(*) AS SoLuongGiaoVien
FROM GIAOVIEN
WHERE HOCVI IN ('CN', 'KS', 'ThS', 'TS', 'PTS')
GROUP BY MAKHOA;

SELECT CASE
           WHEN YEAR(GETDATE()) - YEAR(NGSINH) > 60 THEN 'Cao tuoi'
           WHEN YEAR(GETDATE()) - YEAR(NGSINH) BETWEEN 40 AND 60 THEN 'Trung binh'
           ELSE 'Tre'
       END AS DoTuoi,
       COUNT(*) AS SoLuongGiaoVien
FROM GIAOVIEN
GROUP BY CASE
             WHEN YEAR(GETDATE()) - YEAR(NGSINH) > 60 THEN 'Cao tuoi'
             WHEN YEAR(GETDATE()) - YEAR(NGSINH) BETWEEN 40 AND 60 THEN 'Trung binh'
             ELSE 'Tre'
         END;

SELECT MONHOC.TENMH, KETQUATHI.KQUA, COUNT(*) AS SLUongHocVien 
FROM KETQUATHI
INNER JOIN MONHOC ON KETQUATHI.MAMH = MONHOC.MAMH
GROUP BY MONHOC.TENMH, KETQUATHI.KQUA;

SELECT DISTINCT GIAOVIEN.MAGV, GIAOVIEN.HOTEN
FROM GIAOVIEN
INNER JOIN LOP ON GIAOVIEN.MAGV = LOP.MAGVCN
INNER JOIN GIANGDAY ON GIAOVIEN.MAGV = GIANGDAY.MAGV AND LOP.MALOP = GIANGDAY.MALOP;

SELECT GV.MAGV, GV.HOTEN
FROM GIAOVIEN GV
WHERE NOT EXISTS (
    SELECT *
    FROM MONHOC MH
    WHERE MH.MAKHOA = 'QL'
    AND NOT EXISTS (
        SELECT *
        FROM GIANGDAY GD
        WHERE GD.MAMH = MH.MAMH
        AND GD.MAGV = GV.MAGV
    )
);

SELECT HOCVIEN.HO+'' +HOCVIEN.TEN AS HoTenLopTruong
FROM LOP
INNER JOIN HOCVIEN ON LOP.TRGLOP = HOCVIEN.MAHV
WHERE LOP.SISO = (SELECT MAX(SISO) FROM LOP);

SELECT DISTINCT HV.HO + ' ' + HV.TEN AS HoTenLopTruong
FROM HOCVIEN HV
INNER JOIN LOP ON HV.MALOP = LOP.MALOP
WHERE HV.MALOP IN (
    SELECT MALOP
    FROM GIANGDAY
    GROUP BY MALOP
    HAVING COUNT(*) = 3
)
AND HV.MAHV NOT IN (
    SELECT MAHV
    FROM KETQUATHI
    WHERE KQUA = 'Khong Dat'
    GROUP BY MAHV
    HAVING COUNT(DISTINCT MAMH) = 3
);

SELECT HV.MAHV, HV.HO + ' ' + HV.TEN AS HoTen
FROM HOCVIEN HV
INNER JOIN KETQUATHI KQ ON HV.MAHV = KQ.MAHV
WHERE KQ.DIEM >= 9
GROUP BY HV.MAHV, HV.HO, HV.TEN
HAVING COUNT(*) = (
    SELECT COUNT(*)
    FROM KETQUATHI
    WHERE MAHV = HV.MAHV
)
ORDER BY COUNT(*) DESC;

SELECT HV.MAHV, HV.HO + ' ' + HV.TEN AS HoTen
FROM HOCVIEN HV
INNER JOIN (
    SELECT MAHV, COUNT(*) AS SoMonDat910
    FROM KETQUATHI
    WHERE DIEM >= 9
    GROUP BY MAHV
) AS MonDat910 ON HV.MAHV = MonDat910.MAHV
INNER JOIN (
    SELECT MALOP, MAX(SoMonDat910) AS MaxSoMonDat910
    FROM (
        SELECT LOP.MALOP, HV.MAHV, COUNT(*) AS SoMonDat910
        FROM LOP
        INNER JOIN HOCVIEN HV ON LOP.MALOP = HV.MALOP
        INNER JOIN KETQUATHI KQ ON HV.MAHV = KQ.MAHV
        WHERE KQ.DIEM >= 9
        GROUP BY LOP.MALOP, HV.MAHV
    ) AS Temp
    GROUP BY MALOP
) AS MaxMonDat910 ON HV.MALOP = MaxMonDat910.MALOP AND MonDat910.SoMonDat910 = MaxMonDat910.MaxSoMonDat910
ORDER BY HV.MALOP;

SELECT GV.MAGV, GV.HOTEN AS TenGiaoVien, 
       GD.HOCKY, GD.NAM,
       COUNT(DISTINCT GD.MAMH) AS SoMonHoc,
       COUNT(DISTINCT GD.MALOP) AS SoLop
FROM GIANGDAY GD
INNER JOIN GIAOVIEN GV ON GD.MAGV = GV.MAGV
GROUP BY GV.MAGV, GV.HOTEN, GD.HOCKY, GD.NAM
ORDER BY GD.NAM, GD.HOCKY, GV.MAGV;

SELECT GD.HOCKY, GD.NAM, GV.MAGV, GV.HOTEN AS TenGiaoVien
FROM GIANGDAY GD
INNER JOIN GIAOVIEN GV ON GD.MAGV = GV.MAGV
GROUP BY GD.HOCKY, GD.NAM, GV.MAGV, GV.HOTEN
HAVING COUNT(*) = (
    SELECT MAX(TotalCount)
    FROM (
        SELECT COUNT(*) AS TotalCount
        FROM GIANGDAY
        WHERE HOCKY = GD.HOCKY AND NAM = GD.NAM
        GROUP BY MAGV
    ) AS SubQuery
)
ORDER BY GD.NAM, GD.HOCKY;

SELECT GIANGDAY.HOCKY, GIANGDAY.NAM, COUNT(DISTINCT MONHOC.MAMH) AS SoLuongMonHoc
FROM GIANGDAY
INNER JOIN MONHOC ON GIANGDAY.MAMH = MONHOC.MAMH
GROUP BY GIANGDAY.HOCKY, GIANGDAY.NAM;

SELECT TOP 1 MONHOC.MAMH, MONHOC.TENMH
FROM MONHOC
INNER JOIN KETQUATHI ON MONHOC.MAMH = KETQUATHI.MAMH
WHERE KETQUATHI.LANTHI = 1 AND KETQUATHI.KQUA = 'Khong Dat'
GROUP BY MONHOC.MAMH, MONHOC.TENMH 
ORDER BY COUNT(*) DESC;

SELECT HV.MAHV, HV.HO + ' ' + HV.TEN AS TenHocVien, KT.MAMH, MH.TENMH
FROM HOCVIEN HV
INNER JOIN KETQUATHI KT ON HV.MAHV = KT.MAHV
INNER JOIN MONHOC MH ON KT.MAMH = MH.MAMH
WHERE KT.LANTHI = 1 AND KT.KQUA = 'Dat'
GROUP BY HV.MAHV, HV.HO, HV.TEN, KT.MAMH, MH.TENMH;

SELECT DISTINCT KQ.MAHV, HV.HO + ' ' + HV.TEN AS TenHocVien
FROM KETQUATHI KQ
INNER JOIN (
    SELECT MAHV, MAMH, MAX(LANTHI) AS MaxLanThi
    FROM KETQUATHI
    GROUP BY MAHV, MAMH
) MaxLan ON KQ.MAHV = MaxLan.MAHV AND KQ.MAMH = MaxLan.MAMH AND KQ.LANTHI = MaxLan.MaxLanThi
JOIN HOCVIEN HV ON KQ.MAHV = HV.MAHV
WHERE KQ.KQUA = 'Dat';

SELECT KQ.MAHV, HV.HO + ' ' + HV.TEN AS TenHocVien, KQ.MAMH, KQ.DIEM
FROM KETQUATHI KQ
INNER JOIN (
    SELECT MAHV, MAMH, MAX(LANTHI) AS LANTHI
    FROM KETQUATHI
    GROUP BY MAHV, MAMH
) LastExam ON KQ.MAHV = LastExam.MAHV AND KQ.MAMH = LastExam.MAMH AND KQ.LANTHI = LastExam.LANTHI
INNER JOIN HOCVIEN HV ON KQ.MAHV = HV.MAHV;